,N2,CO2,H2S,C1,C2,C3,C4,C5,C6,C7+,SG C7+,MW C7+,"T, â„‰","Pb, psi"
0,0.0,0.0,0.0,36.15,12.17,8.05,5.81,4.79,5.24,27.79,0.772,191.0,212.0,2238.0
1,0.0,0.0,0.0,46.78,8.77,7.44,4.01,2.56,4.02,26.4,0.766,158.0,212.0,2941.0
2,0.0,0.0,0.0,73.36,5.35,4.71,2.62,1.0,1.62,11.18,0.767,161.0,212.0,4742.0
3,0.0,0.0,0.0,74.18,5.32,4.67,2.58,0.97,1.56,10.72,0.766,159.0,212.0,4753.0
4,1.64,0.08,0.0,28.4,7.16,10.48,8.4,3.82,4.05,35.97,0.843,252.0,131.0,1694.0
5,1.64,0.08,0.0,28.4,7.16,10.48,8.4,3.82,4.05,35.97,0.843,252.0,131.0,1694.0
6,0.45,0.44,0.0,35.05,4.64,2.46,1.66,1.6,5.46,48.24,0.9,225.0,180.0,2520.0
7,0.11,2.35,0.0,35.21,6.72,6.24,5.07,5.23,4.1,34.97,0.841,213.0,250.0,2547.0
8,0.11,2.35,0.0,35.21,6.72,6.24,5.07,5.23,4.1,34.97,0.841,213.0,250.0,2547.0
9,0.55,1.03,0.0,36.47,9.33,8.85,6.0,3.78,3.56,30.43,0.837,200.0,234.0,2746.0
10,0.55,1.03,0.0,36.47,9.93,8.85,6.0,3.78,3.56,30.43,0.837,200.0,234.0,2746.0
11,0.3,0.9,0.0,53.47,11.46,8.79,4.56,2.09,1.51,12.69,0.864,143.0,176.0,4460.0
12,0.3,0.9,0.0,53.47,11.46,8.79,4.56,2.09,1.51,16.92,0.836,173.0,176.0,4460.0
13,0.16,0.91,0.0,36.47,9.67,6.95,5.37,2.85,4.33,33.29,0.852,218.0,220.0,2620.0
14,0.56,3.55,0.0,45.34,5.48,3.7,2.35,1.6,1.33,36.12,0.836,253.0,199.0,3885.0
15,0.9,1.49,0.0,51.54,6.57,4.83,3.07,2.38,2.17,27.05,0.833,265.0,195.0,4566.0
16,0.0,0.0,0.0,57.53,10.16,5.83,3.28,2.71,1.4,19.11,0.81,203.0,212.0,5065.0
17,0.24,0.39,0.0,5.82,0.84,0.43,1.14,3.01,4.92,83.2,0.942,304.0,160.0,313.0
18,0.1,1.32,0.34,8.86,4.13,5.41,3.91,3.45,3.81,68.67,0.934,243.0,178.0,677.0
19,0.0,0.15,0.0,19.5,8.17,8.43,6.0,2.92,3.61,51.22,0.849,225.0,132.0,1025.0
20,0.36,0.17,0.0,27.23,8.93,8.6,6.07,3.71,2.55,42.38,0.879,271.0,130.0,1365.0
21,0.15,0.39,0.0,27.55,7.86,6.3,3.59,2.58,3.68,47.9,0.896,152.0,132.0,1380.0
22,0.79,0.1,0.0,24.79,6.84,6.5,5.37,4.09,3.67,47.85,0.884,227.0,134.0,1399.0
23,0.16,0.3,0.0,24.66,7.51,6.92,4.76,2.65,3.43,49.61,0.875,239.0,134.0,1400.0
24,0.35,0.47,0.0,26.52,7.71,6.05,4.03,4.08,4.22,46.57,0.892,253.0,135.0,1500.0
25,0.2,0.49,0.0,29.46,8.51,6.63,3.97,3.37,3.79,43.59,0.9,146.0,135.0,1500.0
26,0.15,0.48,0.0,28.51,8.17,6.36,4.15,3.73,3.87,44.59,0.897,142.0,135.0,1500.0
27,0.23,1.06,0.01,24.75,6.78,6.8,6.01,4.35,3.89,46.12,0.905,256.0,134.0,1530.0
28,0.68,1.02,0.04,25.49,6.37,6.53,5.15,4.88,3.81,46.03,0.902,264.0,134.0,1533.0
29,0.11,0.28,0.0,27.53,6.9,5.87,4.42,2.47,3.52,48.9,0.879,245.0,135.0,1540.0
30,0.0,0.17,0.0,28.56,8.63,7.43,3.81,2.61,4.11,44.68,0.862,249.0,134.0,1548.0
31,0.22,1.37,0.0,27.92,6.51,5.16,2.52,1.58,2.59,52.13,0.893,255.0,135.0,1548.0
32,0.44,0.83,0.0,27.75,7.54,6.9,4.61,3.1,3.11,45.72,0.902,272.0,133.0,1565.0
33,0.14,0.54,0.0,29.44,7.96,6.19,3.96,3.25,3.84,44.68,0.901,290.0,134.0,1580.0
34,0.21,0.15,0.0,27.77,7.68,6.19,3.41,1.81,2.84,49.94,0.863,228.0,134.0,1590.0
35,0.33,0.22,0.0,25.56,6.87,6.39,5.61,4.68,4.33,46.01,0.878,222.0,133.0,1595.0
36,0.2,1.23,0.01,26.54,6.64,5.54,4.15,3.14,3.34,49.22,0.91,290.0,132.0,1597.0
37,0.12,0.51,0.0,28.81,7.91,6.46,3.17,2.07,3.25,47.7,0.876,250.0,134.0,1615.0
38,0.29,0.48,0.0,28.36,8.29,7.38,5.06,3.42,4.41,42.31,0.88,252.0,133.0,1632.0
39,0.5,0.87,0.0,29.85,7.33,5.98,3.48,1.96,4.28,46.2,0.882,271.0,134.0,1634.0
40,0.48,0.41,0.0,33.25,7.55,6.21,4.11,2.2,2.88,42.91,0.88,236.0,136.0,1640.0
41,0.03,0.3,0.0,27.8,8.26,6.73,3.72,4.08,4.2,44.88,0.88,254.0,134.0,1645.0
42,0.15,0.19,0.0,31.15,8.92,7.38,4.07,3.48,4.34,40.32,0.848,221.0,135.0,1650.0
43,0.56,0.07,0.0,29.9,7.84,6.98,6.05,2.84,2.66,43.1,0.877,242.0,133.0,1653.0
44,0.54,0.5,0.0,27.79,6.89,6.34,4.45,3.29,3.5,46.7,0.887,214.0,133.0,1655.0
45,0.15,0.65,0.0,30.48,7.27,5.15,2.04,1.96,2.76,49.54,0.866,239.0,130.0,1670.0
46,0.26,1.26,0.0,28.27,6.0,4.85,3.6,4.0,4.26,47.5,0.908,274.0,134.0,1680.0
47,0.04,0.17,0.0,31.22,6.5,4.75,2.53,1.71,2.64,50.45,0.889,264.0,135.0,1690.0
48,0.45,0.08,0.0,29.35,7.85,7.28,6.03,4.81,4.53,39.62,0.863,227.0,134.0,1705.0
49,0.49,0.47,0.0,31.55,8.66,7.92,5.48,3.47,4.45,37.51,0.904,289.0,133.0,1715.0
50,0.21,0.72,0.0,33.12,7.44,6.07,3.22,1.79,3.05,44.38,0.9,271.0,140.0,1730.0
51,0.06,5.01,2.67,23.03,8.49,8.26,5.39,4.38,3.89,38.82,0.877,254.0,198.0,1731.0
52,0.45,0.51,0.0,30.56,7.25,7.28,5.24,3.76,3.85,41.1,0.892,268.0,135.0,1735.0
53,0.2,0.8,0.0,31.42,7.6,7.23,4.88,1.97,0.99,44.91,0.889,251.0,132.0,1738.0
54,0.06,0.81,0.0,31.34,7.42,5.68,2.82,1.63,2.64,47.6,0.892,270.0,132.0,1751.0
55,0.19,0.12,0.0,28.62,8.66,6.52,4.78,2.71,3.62,44.78,0.925,274.0,135.0,1766.0
56,0.2,1.19,0.0,32.26,7.57,5.97,3.85,3.17,3.63,42.16,0.879,134.0,133.0,1788.0
57,0.1,1.16,0.0,32.93,7.78,6.06,3.73,2.92,3.7,41.62,0.879,279.0,133.0,1805.0
58,0.19,2.51,0.0,31.89,7.51,6.59,4.77,3.51,3.29,39.74,0.92,324.0,134.0,1825.0
59,0.18,2.46,0.0,30.26,7.3,6.36,4.61,3.54,3.22,42.08,0.914,299.0,134.0,1825.0
60,0.0,1.12,0.21,26.95,10.76,9.23,4.97,2.62,3.33,40.81,0.876,249.0,208.0,1877.0
61,0.41,0.65,0.0,30.21,6.89,6.6,5.88,4.62,4.27,40.47,0.875,247.0,135.0,1880.0
62,0.0,1.25,0.0,33.35,9.24,6.07,2.4,1.62,2.78,43.29,0.851,252.0,230.0,2110.0
63,0.08,1.37,0.69,35.97,8.67,5.94,2.97,1.5,3.1,39.71,0.898,274.0,168.0,2505.0
64,0.0,0.68,0.0,48.79,10.57,6.21,3.46,4.56,2.8,24.8,0.847,218.0,230.0,2730.0
65,0.13,1.45,0.75,36.02,8.83,6.13,4.1,2.8,2.49,37.3,0.896,230.0,166.0,2873.0
66,0.02,0.99,0.04,38.79,10.07,6.86,4.18,2.92,2.77,33.38,0.849,210.0,240.0,3019.0
67,0.01,0.89,0.3,39.68,10.37,7.18,4.47,3.09,2.75,31.53,0.932,197.0,243.0,3061.0
68,0.03,0.97,0.0,41.64,10.82,7.52,4.5,3.0,2.43,29.08,0.85,208.0,241.0,3069.0
69,0.04,0.78,0.0,40.91,10.72,6.64,4.44,2.62,2.51,31.34,0.845,202.0,241.0,3120.0
70,0.06,0.85,0.0,40.7,10.54,6.55,4.41,2.72,2.81,31.36,0.847,195.0,243.0,3180.0
71,0.06,1.1,0.0,43.13,10.46,7.24,4.57,2.82,2.34,28.29,0.884,214.0,241.0,3218.0
72,0.03,1.04,0.03,41.88,10.6,7.01,4.29,3.16,2.89,29.07,0.848,200.0,235.0,3234.0
73,0.05,0.85,0.0,41.05,11.07,7.07,4.82,2.89,3.19,29.01,0.848,198.0,241.0,3335.0
74,0.06,0.94,0.0,44.44,10.76,6.18,4.04,2.63,2.57,28.38,0.846,195.0,240.0,3630.0
75,0.21,0.34,0.0,20.04,7.93,8.0,6.6,5.87,5.08,45.93,0.861,230.0,235.0,900.0
76,0.43,3.47,3.68,19.49,8.28,6.85,4.3,4.18,2.42,46.9,0.876,246.0,230.0,993.0
77,0.24,1.53,0.6,13.16,6.38,7.62,6.77,5.65,6.37,51.68,0.876,275.0,190.0,1140.0
78,0.77,1.99,1.4,17.38,6.42,7.62,5.62,4.53,5.14,49.13,0.891,267.0,234.0,1190.0
79,0.25,2.19,1.16,16.33,6.29,7.48,6.09,4.36,3.58,52.27,0.88,249.0,215.0,1261.0
80,0.17,0.65,1.93,12.59,6.05,6.51,4.26,4.52,1.14,62.18,0.877,230.0,239.0,1490.0
81,0.32,3.69,0.68,21.55,8.6,7.66,6.4,5.07,2.62,43.41,0.869,243.0,239.0,1591.0
82,0.41,0.26,0.0,6.14,2.38,4.71,6.27,5.64,4.68,69.51,0.86,225.0,134.0,346.0
83,0.21,0.75,0.51,6.05,2.59,5.83,7.69,6.14,5.42,64.81,0.857,231.0,148.0,352.0
84,0.33,0.35,0.0,6.72,2.19,4.04,5.54,5.3,4.47,71.06,0.858,225.0,138.0,360.0
85,0.3,0.01,0.0,7.14,1.54,3.71,7.31,6.65,6.19,67.15,0.86,233.0,140.0,374.0
86,0.31,0.28,0.02,6.8,1.98,4.01,6.62,6.57,6.65,66.76,0.858,237.0,144.0,374.0
87,0.88,1.34,0.0,5.63,2.51,4.6,7.31,5.99,4.71,67.03,0.855,224.0,128.0,376.0
88,0.35,0.56,1.41,9.99,1.45,1.87,3.64,4.47,5.23,71.03,0.872,258.0,148.0,506.0
89,0.29,0.46,0.49,10.75,1.11,1.58,3.68,4.03,4.75,72.86,0.861,261.0,145.0,519.0
90,0.37,0.02,0.0,17.28,6.11,8.23,5.47,3.76,3.96,54.8,0.851,242.0,156.0,537.0
91,0.39,0.14,0.0,21.4,6.4,7.43,5.06,4.34,4.45,50.39,0.842,245.0,149.0,1124.0
92,1.02,0.12,0.0,19.76,5.52,6.89,4.87,4.49,2.67,54.66,0.85,247.0,160.5,1152.0
93,0.78,0.1,0.0,20.64,5.8,7.05,6.9,5.95,5.11,47.67,0.857,237.0,157.0,1209.0
94,1.39,0.28,0.0,21.32,6.21,8.11,6.37,3.84,5.45,47.03,0.87,257.0,156.0,1220.0
95,0.54,0.18,0.0,21.62,6.03,8.39,7.1,4.75,3.85,47.54,0.863,236.0,156.0,1257.0
96,0.53,0.12,0.0,22.8,6.45,8.51,6.6,4.71,4.24,46.04,0.864,242.0,156.0,1325.0
97,0.6,0.12,0.0,23.71,7.18,8.71,6.85,5.17,2.85,44.81,0.868,238.0,156.0,1386.0
98,0.68,0.16,0.0,22.84,6.28,7.83,6.24,4.63,3.44,47.9,0.864,226.0,156.0,1407.0
99,1.13,0.13,0.0,25.45,6.99,9.6,7.87,5.93,1.88,41.02,0.851,237.0,157.0,1446.0
100,0.33,0.19,0.0,35.42,3.36,0.9,0.95,0.4,0.72,57.73,0.917,255.0,159.0,2307.0
101,0.67,2.11,0.0,34.93,7.0,7.82,5.48,3.8,3.04,35.15,0.855,230.0,238.0,2724.0
102,0.41,0.44,0.0,40.48,7.74,8.2,5.45,3.64,2.83,31.42,0.845,210.0,208.0,2886.0
103,0.9,0.16,0.0,47.12,5.97,4.62,3.49,2.55,2.19,33.0,0.85,217.0,166.0,3394.0
104,0.4,1.0,0.0,45.4,4.2,0.89,1.08,0.94,1.01,45.08,0.888,250.0,160.0,3466.0
105,0.52,6.47,0.0,39.58,10.68,7.27,5.28,3.65,2.9,23.67,0.858,176.0,310.0,3627.0
106,0.36,1.06,0.0,50.5,4.54,0.9,1.15,0.89,1.6,39.0,0.901,291.0,156.0,3690.0
107,0.44,0.38,0.0,49.1,7.6,6.13,3.84,2.52,2.0,28.0,0.836,231.0,199.0,3739.0
108,0.31,0.69,0.0,47.69,6.64,4.59,2.59,1.16,1.69,34.64,0.869,234.0,232.0,3800.0
109,0.56,3.55,0.0,45.34,5.48,3.7,2.35,1.6,1.33,36.12,0.817,255.0,199.0,3885.0
110,0.34,0.84,0.0,49.23,6.32,4.46,3.04,2.26,2.06,31.45,0.865,230.0,200.0,3981.0
111,0.03,8.39,0.0,47.43,10.29,6.12,4.2,2.89,2.05,18.61,0.83,180.0,295.0,4000.0
112,0.34,7.1,0.0,48.43,9.24,5.84,4.39,3.21,2.28,19.17,0.805,183.0,314.0,4082.0
113,0.38,7.03,0.0,48.73,8.93,5.48,4.05,3.0,2.14,20.26,0.805,181.0,309.0,4156.0
114,0.0,0.0,0.0,52.0,3.81,2.37,1.72,1.2,2.01,36.84,0.841,199.0,201.0,3828.0
115,0.0,0.0,0.0,52.0,3.81,2.37,1.72,1.2,2.06,36.84,0.841,199.0,200.0,3839.0
116,1.64,0.08,0.0,28.4,7.16,10.48,8.4,3.82,4.05,35.97,0.843,252.0,131.0,1708.0
117,0.45,0.44,0.0,35.05,4.64,2.46,7.66,1.6,5.46,48.24,0.836,225.0,180.0,2520.0
118,0.0,0.0,0.0,42.0,8.0,6.0,2.0,1.0,4.0,37.0,0.823,255.0,155.0,3250.0
119,1.67,1.38,0.0,26.68,9.25,10.18,6.4,4.03,0.0,40.41,0.855,217.0,210.0,1954.0
120,0.65,0.02,0.0,45.02,12.45,8.93,6.03,3.02,1.44,22.44,0.81,184.0,140.0,3002.0
121,0.25,0.24,0.0,40.91,10.38,9.01,5.13,3.28,2.21,28.58,0.8,182.0,300.0,3043.0
122,0.24,0.27,0.0,66.83,8.28,5.15,3.31,2.04,1.85,12.03,0.8,182.0,215.0,4810.0
123,0.0,0.01,0.0,31.0,10.41,11.87,7.32,4.41,2.55,32.43,0.743,199.0,130.0,1620.0
124,1.02,0.4,0.0,54.62,11.47,7.33,4.01,1.96,1.42,17.77,0.808,218.0,164.0,3900.0
125,0.33,3.03,0.0,41.33,8.89,5.95,4.12,2.66,0.0,33.69,0.848,200.0,200.0,3200.0
126,0.71,3.84,1.17,59.49,5.55,4.06,3.06,1.58,1.27,19.27,0.78,297.0,158.0,6880.0
127,0.0,9.11,0.0,45.58,5.11,3.03,2.18,1.92,1.54,31.53,0.894,270.0,190.0,3840.0
128,0.0,0.0,0.0,60.88,7.38,5.03,2.78,1.96,1.84,20.13,0.836,191.0,190.0,5000.0
129,1.67,2.18,0.0,60.51,7.52,4.74,4.12,2.97,0.0,16.29,0.789,181.0,246.0,4823.0
130,0.09,0.31,0.0,1.35,0.43,0.62,0.64,0.98,2.65,92.93,1.042,369.0,141.3,97.0
131,0.05,0.33,0.0,1.01,0.35,0.49,0.67,0.55,1.01,95.53,1.046,390.0,160.0,119.0
132,0.08,0.8,0.0,0.76,0.24,0.36,0.3,0.17,0.83,96.46,1.048,381.0,158.0,129.0
133,0.1,0.38,0.0,0.78,0.25,0.38,0.47,0.81,1.78,95.06,0.973,395.0,163.5,170.0
134,0.13,0.52,0.0,5.03,7.67,5.96,5.24,3.55,9.06,62.83,0.931,346.0,184.0,365.0
135,0.13,0.88,0.17,14.14,5.3,6.37,5.91,2.45,6.77,57.87,0.904,306.0,177.0,769.0
136,1.18,0.17,0.0,17.2,3.91,2.37,1.72,0.65,2.34,70.46,0.973,385.0,204.0,908.0
137,0.22,2.06,0.01,17.3,8.04,6.67,5.03,2.78,4.95,52.94,0.938,294.0,203.0,1155.0
138,0.08,4.14,0.96,19.31,5.98,6.25,4.49,2.27,6.53,49.98,0.777,315.0,260.0,1305.0
139,0.2,0.51,0.0,21.08,8.59,6.09,4.66,2.95,10.25,45.67,0.91,350.0,225.0,1309.0
140,0.3,0.93,0.0,18.91,7.2,5.21,4.04,2.2,5.44,55.77,0.918,271.0,222.0,1379.0
141,0.12,0.5,2.27,20.15,5.67,7.09,6.74,1.92,5.42,50.13,0.897,261.0,240.0,1439.0
142,0.26,0.81,0.09,23.46,7.79,6.59,5.48,3.12,6.26,46.14,0.929,346.0,220.0,1454.0
143,0.28,3.51,0.53,21.57,6.72,6.09,5.19,3.31,5.44,47.36,0.914,331.0,235.0,1458.0
144,0.15,6.98,3.1,19.21,5.59,6.79,4.93,3.07,5.44,44.76,0.891,293.0,248.0,1473.0
145,0.59,0.61,0.0,28.05,5.64,3.83,3.9,2.23,4.97,50.17,0.812,204.0,154.5,1484.0
146,0.19,5.15,3.31,20.53,4.82,6.03,5.81,2.46,6.63,45.07,0.898,325.0,250.0,1496.0
147,0.59,0.61,0.0,28.05,5.64,3.83,3.9,2.23,4.97,50.17,0.805,199.0,149.0,1503.0
148,0.12,5.99,2.77,20.56,6.79,5.9,4.15,3.74,7.47,42.51,0.908,353.0,250.0,1569.0
149,0.08,0.49,2.6,22.3,6.99,6.32,4.81,3.13,4.85,48.43,0.894,253.0,240.0,1635.0
150,0.24,1.27,0.08,23.01,7.59,5.43,4.89,3.9,6.04,47.55,0.939,314.0,220.0,1668.0
151,0.86,0.47,0.0,26.0,8.4,6.83,4.5,2.85,6.95,43.14,0.915,298.0,207.3,1670.0
152,0.22,2.99,0.44,25.35,7.93,5.5,4.25,2.59,4.99,45.74,0.932,339.0,220.0,1689.0
153,0.4,4.33,0.27,22.79,7.32,5.5,5.06,2.66,5.66,46.02,0.927,326.0,240.0,1692.0
154,0.21,5.14,2.7,22.0,7.1,5.34,3.77,2.53,5.55,45.65,0.926,315.0,255.0,1722.0
155,0.23,0.7,0.0,24.04,7.98,5.52,4.02,2.72,5.2,49.58,0.912,243.0,225.0,1737.0
156,0.35,0.66,0.0,27.91,5.87,6.82,3.97,1.79,4.9,47.72,0.934,315.0,201.0,1851.0
157,0.27,4.15,1.54,22.58,7.01,5.71,4.66,2.97,5.45,45.65,0.934,305.0,255.0,1862.0
158,0.19,4.37,2.19,23.96,7.33,5.55,4.71,3.49,5.18,43.03,0.913,291.0,245.0,1944.0
159,0.55,1.19,0.15,32.6,6.72,5.66,5.0,2.5,5.08,40.54,0.885,285.0,174.0,1956.0
160,0.2,3.7,0.62,25.24,7.76,6.35,5.31,1.79,4.83,44.19,0.92,301.0,255.0,1978.0
161,0.12,0.26,0.0,31.97,6.68,5.29,3.82,2.8,5.53,43.53,0.885,260.0,170.0,2009.0
162,0.05,1.18,0.42,32.35,5.89,5.37,4.33,2.59,5.7,42.13,0.873,265.0,135.0,2017.0
163,0.14,0.54,0.18,31.73,6.9,6.09,4.84,2.1,5.34,42.13,0.884,267.0,170.0,2025.0
164,0.4,4.95,2.04,27.1,8.69,6.31,4.35,3.28,5.84,37.04,0.895,285.0,216.0,2071.0
165,0.43,1.09,0.04,30.63,8.4,5.75,4.33,2.04,4.57,42.71,0.91,318.0,198.0,2144.0
166,0.04,0.09,0.09,35.46,6.54,5.38,4.75,2.64,4.78,40.23,0.885,277.0,165.0,2152.0
167,0.13,1.08,0.92,37.43,6.51,5.52,4.91,2.89,5.04,35.56,0.877,299.0,140.0,2160.0
168,0.02,1.08,0.43,35.92,6.07,5.46,4.62,1.57,4.49,40.35,0.872,246.0,140.0,2167.0
169,0.06,1.2,0.0,30.26,9.41,6.92,5.04,3.11,5.16,38.84,0.854,242.0,265.0,2209.0
170,0.13,5.52,3.03,27.03,9.3,7.37,5.65,2.0,4.47,35.48,0.89,275.0,250.0,2295.0
171,0.08,0.04,0.0,38.27,9.56,6.67,4.7,2.08,4.37,34.23,0.894,267.0,150.0,2387.0
172,0.42,0.21,0.0,33.47,9.62,6.14,4.79,2.88,4.94,37.52,0.918,311.0,193.8,2447.0
173,0.44,2.9,0.46,29.74,8.02,5.62,4.45,2.74,5.23,40.4,0.925,298.0,238.0,2461.0
174,0.42,0.34,0.0,33.47,9.65,6.03,4.61,2.87,4.8,37.81,0.928,314.0,196.0,2490.0
175,0.39,3.3,1.07,33.32,9.38,6.32,4.59,2.3,5.42,33.91,0.913,272.0,209.0,2611.0
176,0.15,1.4,0.0,34.55,9.82,7.53,4.63,2.7,4.45,34.77,0.884,261.0,247.0,2715.0
177,0.06,2.45,0.59,38.65,6.66,5.33,3.94,2.74,4.67,34.91,0.903,330.0,185.0,2747.0
178,0.04,1.88,0.34,38.38,6.38,4.9,3.32,2.01,3.55,39.2,0.885,256.0,185.0,2786.0
179,0.42,0.79,0.36,35.91,10.48,6.89,4.7,2.75,5.11,32.58,0.885,243.0,190.0,2831.0
180,0.14,0.04,0.0,42.56,7.47,5.13,3.27,1.57,4.13,35.69,0.911,323.0,200.0,2874.0
181,0.01,0.23,0.0,16.88,13.7,14.04,11.12,5.22,4.91,33.89,0.871,269.0,190.0,3000.0
182,0.08,0.11,0.0,42.32,8.02,5.32,4.23,2.41,4.2,33.31,0.873,269.0,190.0,3064.0
183,0.08,0.08,0.0,42.92,7.58,5.86,4.33,2.11,3.88,33.17,0.889,312.0,200.0,3090.0
184,0.88,0.22,0.0,42.27,8.69,7.57,5.37,2.81,4.23,27.95,0.896,326.0,200.0,3367.0
185,0.09,2.51,0.03,44.35,9.87,7.48,4.58,2.28,4.77,24.04,0.823,245.0,266.0,3427.0
186,0.07,0.09,0.0,47.3,7.99,5.18,3.97,2.26,3.85,29.29,0.869,282.0,190.0,3467.0
187,0.2,0.03,0.0,44.85,7.55,5.41,4.51,1.99,3.99,31.47,0.903,331.0,200.0,3472.0
188,0.09,5.53,3.4,54.17,3.05,1.75,1.63,1.17,2.1,27.11,0.846,269.0,226.0,3528.0
189,0.11,0.03,0.0,45.73,7.91,5.34,4.05,2.16,3.83,30.83,0.865,245.0,190.0,3560.0
190,0.1,0.28,0.0,48.16,8.28,5.64,4.31,2.53,3.73,26.98,0.872,301.0,190.0,3598.0
191,0.11,0.69,0.0,40.77,7.3,4.56,3.86,2.6,4.01,36.11,0.874,190.0,225.0,3678.0
192,0.08,2.02,0.42,48.91,9.14,6.19,4.45,2.07,3.23,23.5,0.837,253.0,274.9,3722.0
193,0.04,1.82,0.02,48.68,9.18,5.53,3.08,2.7,3.82,25.13,0.802,179.0,287.0,3724.0
194,0.1,1.82,0.0,45.49,10.02,6.08,4.27,2.45,3.87,25.9,0.85,238.0,265.0,3746.0
195,0.14,1.29,0.0,56.25,10.41,6.23,3.93,1.64,3.26,16.86,0.792,181.0,172.9,3832.0
196,0.01,2.15,0.0,48.41,9.44,6.23,4.5,2.5,3.17,23.6,0.807,180.0,273.0,3888.0
197,0.06,0.18,0.0,48.43,8.06,5.26,3.76,2.43,3.72,28.1,0.865,235.0,225.0,4030.0
198,0.09,2.15,0.01,48.68,9.06,5.94,4.33,2.72,3.58,23.44,0.838,245.0,270.0,4036.0
199,1.85,1.87,0.63,49.07,5.82,4.1,3.9,1.4,4.07,27.3,0.861,241.0,183.0,4042.0
200,0.07,1.87,0.22,45.71,7.87,5.02,4.01,4.29,5.22,25.74,0.847,297.0,289.0,4068.0
201,0.11,2.22,0.3,57.99,8.74,4.84,3.49,2.36,3.31,16.64,0.84,294.0,286.0,4631.0
202,0.24,1.4,0.0,56.47,8.5,5.19,3.81,2.32,2.67,19.4,0.863,247.0,229.0,4966.0
203,0.09,5.53,3.4,54.17,3.05,1.75,1.63,1.17,2.1,27.11,0.846,269.0,207.0,5295.0
204,5.86,8.29,1.5,57.86,5.04,2.83,2.07,1.62,2.33,12.61,0.805,208.0,290.0,5919.0
205,0.99,1.18,0.0,60.59,6.11,3.0,2.35,1.13,3.76,20.89,0.848,268.0,254.4,6006.0
206,0.45000000000000007,1.6399999999999997,0.0,45.85,7.15,6.74,3.95,2.68,2.52,29.020000000000003,0.8753341481221121,235.68814610613367,237.74,3707.17128
207,0.45402877697841726,1.6581294964028774,0.0,49.429568345323744,7.351438848920864,6.531510791366905,3.7274100719424457,2.4564028776978417,2.275251798561151,26.116258992805758,0.8752375226863356,235.58787215990475,237.74,4233.65922
208,0.4572667757774141,1.672700490998363,0.0,52.30653027823241,7.513338788870703,6.363944353518821,3.5485106382978726,2.276693944353519,2.078543371522095,23.782471358428808,0.8751427604398335,235.48953175570443,237.74,4760.1471599999995
209,0.45974281391830574,1.6838426626323753,0.0,54.50649016641454,7.6371406959152806,6.2358093797276855,3.411709531013616,2.1392738275340393,1.928124054462935,21.997866868381244,0.8750567311392189,235.40025404746297,237.74,5290.98624
210,0.4617114568599716,1.6927015558698724,0.0,56.25562942008485,7.735572842998582,6.133932107496462,3.302942008486562,2.0300141442715693,1.8085289957567183,20.578967468175385,0.8749776834064997,235.31822152635203,237.74,5801.52
211,0.4633333333333334,1.6999999999999997,0.0,57.69666666666667,7.816666666666666,6.05,3.2133333333333334,1.94,1.71,19.410000000000004,0.874903876794203,235.2416280267903,237.74,6281.595780000001
212,0.35,3.1400000000000006,0.0,54.26,8.57,5.72,3.2100000000000004,1.95,1.53,21.27,0.8366140209824833,199.02867889045606,238.73,4641.216
213,0.3554098808115731,3.0056546265126016,0.0,56.735020471294696,8.623197161313803,5.613605677372395,3.0729496861068153,1.8147529797106723,1.403769447729961,19.375640069147483,0.8364982036197999,198.9063965578886,238.73,5003.811
214,0.3585111130181069,2.928640693383678,0.0,58.153834205783916,8.653692611344718,5.552614777310564,2.994385136874625,1.737222174547327,1.3314073629108387,18.289691924826222,0.8364209922318396,198.82487520045302,238.73,5206.8642
215,0.36117982099267687,2.8623677786818553,0.0,59.37476810414971,8.67993490642799,5.500130187144019,2.9267778681855168,1.6705044751830755,1.2691375101708706,17.35519934906428,0.8363468143241758,198.74655665335493,238.73,5438.925
216,0.3632601075017527,2.8107073303731402,0.0,60.326499182051876,8.700391057100568,5.4592178857988625,2.874077276622264,1.6184973124561814,1.2205974916257694,16.62675235646958,0.8362832086822296,198.67940051992713,238.73,5627.4744
217,0.36494142385100636,2.7689546410333445,0.0,61.0957014118354,8.716924001201564,5.426151997596878,2.831483929107841,1.5764644037248428,1.1813667768098532,16.038011414839296,0.8362275797131162,198.62066632028822,238.73,5816.0238
218,0.3674377527133433,2.7069624742853096,0.0,62.23777186635455,8.741471235014545,5.377057529970917,2.768243597928638,1.5140561821664187,1.123119103355324,15.163880258210972,0.8361370167850115,198.52504813458432,238.73,6193.1226
219,0.45000000000000007,2.07,0.383,26.576,7.893999999999999,6.7299999999999995,5.384,4.442,3.351,42.72,0.8863554287222254,245.43008192883897,249.98,2114.6540400000004
220,0.036561585960351,1.6818329541761459,0.3111797205069874,38.09424764380891,7.7263568410789745,6.030549236269094,4.561910952226195,3.796555086122847,2.7226194345141375,34.70913227169321,0.8863554287222254,245.43008192883897,249.98,3272.05728
221,0.3375084377109428,1.5525388134703366,0.2872571814295357,41.93084827120678,7.670516762919072,5.79756993924848,4.288082202055051,3.5815645391134776,2.5133128328208203,32.0408010200255,0.8863554287222254,245.43008192883897,249.98,4010.3007000000002
222,0.32283521056029846,1.4850419685773726,0.2747686347657651,43.933711170098285,7.641365951646459,5.675945189755362,4.145132362436329,3.469330654996771,2.4040462013056887,30.647822655857667,0.8863554287222254,245.43008192883897,249.98,4589.00232
223,0.31499370012599753,1.4489710205795885,0.2680946381072379,45.00405991880162,7.625787484250315,5.61094778104438,4.068738625227495,3.409351812963741,2.3456530869382615,29.903401931961366,0.8863554287222254,245.43008192883897,249.98,4860.22338
224,0.30832476875642345,1.4182939362795477,0.26241863651935593,45.914354230901,7.612538540596095,5.555669749914354,4.003768413840357,3.3583418979102433,2.2959917780061665,29.270298047276466,0.8863554287222254,245.43008192883897,249.98,5148.849
225,0.45000000000000007,2.07,0.383,26.576,7.893999999999999,6.7299999999999995,5.384,4.442,3.351,42.72,0.8863554287222254,245.43008192883897,249.98,2114.6540400000004
226,0.5812642183945403,2.5031719207019827,0.49870003249918754,32.048592785180375,9.23214494637634,7.506334091647708,5.568895027624309,4.21097497562561,2.970146246343842,34.87977575560612,0.8855940479587188,244.69553103482718,249.98,2747.0197200000002
227,0.6249868746718669,2.6474566864171605,0.5372384309607741,33.87145278631966,9.677866196654916,7.764922373059327,5.630481512037801,4.134023100577515,2.8432880822020548,32.26828395709893,0.8852582968497174,244.37161127075717,249.98,3145.87422
228,0.640909090909091,2.7,0.5512727272727272,34.53527272727273,9.840181818181817,7.8590909090909085,5.652909090909091,4.106,2.7970909090909086,31.317272727272726,0.8851221197173232,244.24023280791897,249.98,3298.16412
229,0.6478118946839801,2.7227792524571344,0.5573570557428797,34.82306047779611,9.910550972092688,7.899916062845255,5.662632183083435,4.093851065356195,2.7770629169954804,30.90497811894684,0.8850604781568588,244.18076339981508,249.98,3396.78996
230,0.6600097998040039,2.7630323393532126,0.5681086378272434,35.33160856782864,10.034899902001957,7.972057958840822,5.679813803723925,4.072382752344953,2.7416715665686686,30.176414671706564,0.8849474336033658,244.07170235991043,249.98,3547.62948
231,0.6703836930455637,2.79726618705036,0.5772524837273039,35.764110996916756,10.140654333675915,8.033412127440904,5.694426173347037,4.054124700239808,2.7115724563206576,29.556796848235695,0.8848469078723228,243.97471899869595,249.98,3699.91938
232,0.0,0.774,0.0,36.203,9.736,6.744999999999999,4.9590000000000005,3.894,3.29,34.398999999999994,0.8568115799792556,219.97921451204977,230.0,2507.7070200000003
233,0.06429673437901774,0.9763203908459757,0.0,41.98213336761807,10.062341647381503,6.53282077654924,4.569076026399245,3.443351332819062,2.85706865518128,29.512591068826598,0.8566812697477557,219.86207327181364,230.0,2979.08052
234,0.09999611106790075,1.0886544294936609,0.0,45.19087267636308,10.243535817064634,6.415012833475926,4.35257913976822,3.193138368204091,2.6166928521428012,26.79951777241969,0.856588401110655,219.77858982462925,230.0,3478.0112400000003
235,0.12272727272727274,1.1601818181818184,0.0,47.234,10.35890909090909,6.34,4.214727272727273,3.033818181818182,2.4636363636363634,25.071999999999996,0.8565187948296635,219.71601786853864,230.0,3913.1252400000003
236,0.13845195236776517,1.2096621434505677,0.0,48.647369149819994,10.438720576017722,6.288108557186374,4.11936582664082,2.923605649404597,2.357756854057048,23.876959291055105,0.8564647496995721,219.66743447263212,230.0,4374.34608
237,0.15000000000000002,1.246,0.0,49.68533333333334,10.497333333333332,6.25,4.049333333333333,2.842666666666667,2.2800000000000002,22.99933333333333,0.8564214826722018,219.62853995767995,230.0,4728.2388
238,0.32,2.8,1.49,45.29,9.11,5.5,4.13,3.06,2.38,25.919999999999998,0.8589912973803372,222.6983024691358,217.94,3916.026
239,0.29230769230769227,3.9007692307692308,2.0253846153846156,49.81538461538461,10.476153846153846,5.56,3.6199999999999997,2.476153846153846,1.8653846153846152,19.968461538461536,0.8587968166827434,222.50679918332756,217.94,5047.3224
240,0.28571428571428575,4.162857142857143,2.152857142857143,50.89285714285714,10.801428571428572,5.574285714285714,3.4985714285714287,2.337142857142857,1.7428571428571429,18.551428571428573,0.8587321195771216,222.44309256121977,217.94,5540.4516
241,0.28,4.39,2.2633333333333336,51.82666666666667,11.083333333333334,5.586666666666667,3.3933333333333335,2.216666666666667,1.6366666666666665,17.32333333333333,0.8586674872059522,222.37944968250918,217.94,6149.6112
242,1.252,0.897,0.0,47.543,5.476,4.196,4.006,3.2350000000000003,2.734,30.660999999999994,0.8184741253831465,212.40659795831846,219.92,2480.1498
243,0.18,0.82,0.0,22.92,7.21,7.37,6.8100000000000005,5.85,4.84,43.99999999999999,0.8741862674314216,257.715,215.06,1405.41822
244,0.2,1.34,0.0,23.64,8.56,6.68,5.3,4.45,4.03,45.800000000000004,0.8733965180486718,254.43951965065497,210.02,1707.09726
245,0.45,1.64,0.0,45.85,7.15,6.74,3.9499999999999997,2.6799999999999997,2.52,29.020000000000003,0.8626032150831432,235.68814610613367,237.56,3707.17128
246,0.35,3.14,0.0,54.26,8.57,5.72,3.21,1.95,1.53,21.269999999999996,0.8367408735242533,199.02867889045606,239.0,4644.11676
247,0.45,2.07,0.383,26.576,7.894,6.73,5.384,4.442,3.351,42.72,0.8863554287222254,245.43008192883897,249.98,2114.6540400000004
248,0.0,0.774,0.0,36.203,9.736,6.745,4.959,3.894,3.29,34.399,0.8568115799792557,219.97921451204977,230.0,2507.7070200000003
249,0.0,2.13,0.0,31.28,7.51,6.93,6.26,4.74,4.37,36.779999999999994,0.8353697139651022,201.47607395323547,248.0,2232.13482
250,0.083,1.824,0.0,32.165,7.627,7.221,6.507000000000001,5.018000000000001,4.085,35.470000000000006,0.8354134205921807,208.06614040033833,248.0,2219.0814
251,0.249,3.601,2.32,47.642,6.497,4.5,4.959,3.299,2.7359999999999998,25.121000000000006,0.8301197041805969,212.7383464034075,249.98,3953.73588
252,0.249,3.601,2.32,47.642,6.497,4.5,4.959,3.299,2.7359999999999998,25.121000000000006,0.8301197041805969,212.7383464034075,86.18,3179.23296
253,0.249,3.601,2.32,47.642,6.497,4.5,4.959,3.299,2.7359999999999998,25.121000000000006,0.8301197041805969,212.7383464034075,174.74,3688.3163400000003
254,0.249,3.601,2.32,47.642,6.497,4.5,4.959,3.299,2.7359999999999998,25.121000000000006,0.8301197041805969,212.7383464034075,292.46,4011.7510800000005
255,0.4,2.548,0.355,47.244,6.937,4.805,4.253,3.4050000000000002,2.877,27.176,0.8451212789971217,214.2058801884015,249.98,3563.58366
256,0.67,0.86,0.0,46.83,6.63,6.21,4.25,3.13,2.48,28.94,0.856792011315555,217.28749136143747,213.08,3563.58366
257,0.32,2.8,1.49,45.29,9.11,5.5,4.13,3.06,2.38,25.92,0.8589912973803373,222.6983024691358,217.94,3916.026
258,0.32,2.8,1.49,45.29,9.11,5.5,4.13,3.06,2.38,25.92,0.8589912973803373,222.6983024691358,80.06,3080.60712
259,0.32,2.8,1.49,45.29,9.11,5.5,4.13,3.06,2.38,25.92,0.8589912973803373,222.6983024691358,190.04,3718.7743199999995
260,0.32,2.8,1.49,45.29,9.11,5.5,4.13,3.06,2.38,25.92,0.8589912973803373,222.6983024691358,249.98,3988.545
261,1.252,0.897,0.0,37.543,5.476,4.196,4.006,3.2350000000000003,2.734,30.661000000000005,0.8184741253831468,212.40659795831846,219.92,2480.1498
